CNAE ID CNC,CNAE label CNC,,
a01113,Cultivo de cereais,,
a01121,Cultivo de algodao herbaceo e de outras fibras de lavoura temporaria,,
a01130,Cultivo de cana-de-acucar,11400,CULTIVO DE CAÑA DE AZÚCAR
a01148,Cultivo de fumo,11500,CULTIVO DE TABACO
a01156,Cultivo de soja,,
a01164,"Cultivo de oleaginosas de lavoura temporaria, exceto soja",,
a01199,Cultivo de plantas de lavoura temporaria nao especificadas anteriormente,,
a01211,Horticultura,,
a01229,Cultivo de flores e plantas ornamentais,11901,CULTIVO DE FLORES
a01318,Cultivo de laranja,12300,CULTIVO DE CÍTRICOS
a01326,Cultivo de uva,12111,CULTIVO DE UVA DESTINADA A LA PRODUCCIÓN DE PISCO Y AGUARDIENTE
a01326,Cultivo de uva,12112,CULTIVO DE UVA DESTINADA A LA PRODUCCIÓN DE VINO
a01326,Cultivo de uva,12120,CULTIVO DE UVA PARA MESA
a01334,"Cultivo de frutas de lavoura permanente, exceto laranja e uva",,
a01342,Cultivo de cafe,12700,"CULTIVO DE PLANTAS CON LAS QUE SE PREPARAN BEBIDAS (INCLUYE EL CULTIVO DE CAFÉ, TÉ Y MATE)"
a01351,Cultivo de cacau,,
a01393,Cultivo de plantas de lavoura permanente nao especificadas anteriormente,,
a01415,Producao de sementes certificadas,,
a01423,"Producao de mudas e outras formas de propagacao vegetal, certificadas",13000,CULTIVO DE PLANTAS VIVAS INCLUIDA LA PRODUCCIÓN EN VIVEROS (EXCEPTO VIVEROS FORESTALES)
a01512,Criacao de bovinos,14101,CRÍA DE GANADO BOVINO PARA LA PRODUCCIÓN LECHERA
a01512,Criacao de bovinos,14102,CRÍA DE GANADO BOVINO PARA LA PRODUCCIÓN DE CARNE O COMO GANADO REPRODUCTOR
a01521,Criacao de outros animais de grande porte,,
a01539,Criacao de caprinos e ovinos,14410,CRÍA DE OVEJAS (OVINOS)
a01539,Criacao de caprinos e ovinos,14420,CRÍA DE CABRAS (CAPRINOS)
a01547,Criacao de suinos,14500,CRÍA DE CERDOS
a01555,Criacao de aves,14200,CRÍA DE CABALLOS Y OTROS EQUINOS
a01555,Criacao de aves,14300,"CRÍA DE LLAMAS, ALPACAS, VICUÑAS, GUANACOS Y OTROS CAMÉLIDOS"
a01598,Criacao de animais nao especificados anteriormente,14909,CRÍA DE OTROS ANIMALES N.C.P.
a01610,Atividades de apoio a agricultura,16100,ACTIVIDADES DE APOYO A LA AGRICULTURA
a01628,Atividades de apoio a pecuaria,16200,ACTIVIDADES DE APOYO A LA GANADERÍA
a01636,Atividades de pos-colheita,16300,ACTIVIDADES POSCOSECHA
a01709,Caca e servicos relacionados,17000,CAZA ORDINARIA Y MEDIANTE TRAMPAS Y ACTIVIDADES DE SERVICIOS CONEXAS
a02101,Producao florestal - florestas plantadas,21001,EXPLOTACIÓN DE VIVEROS FORESTALES
a02209,Producao florestal - florestas nativas,,
a02306,Atividades de apoio a producao florestal,,
a03116,Pesca em agua salgada,31110,"PESCA MARÍTIMA INDUSTRIAL, EXCEPTO DE BARCOS FACTORÍA"
a03116,Pesca em agua salgada,31120,PESCA MARÍTIMA ARTESANAL
a03116,Pesca em agua salgada,31130,RECOLECCIÓN Y EXTRACCIÓN DE PRODUCTOS MARINOS
a03116,Pesca em agua salgada,31140,SERVICIOS RELACIONADOS CON LA PESCA MARÍTIMA
a03124,Pesca em agua doce,31200,PESCA DE AGUA DULCE
a03213,Aquicultura em agua salgada e salobra,32110,CULTIVO Y CRIANZA DE PECES MARINOS
a03213,Aquicultura em agua salgada e salobra,32120,"CULTIVO, REPRODUCCIÓN Y MANEJO DE ALGAS MARINAS"
a03213,Aquicultura em agua salgada e salobra,32130,"REPRODUCCIÓN Y CRÍA DE MOLUSCOS, CRUSTÁCEOS Y GUSANOS MARINOS"
a03213,Aquicultura em agua salgada e salobra,32140,SERVICIOS RELACIONADOS CON LA ACUICULTURA MARINA
a03221,Aquicultura em agua doce,32200,ACUICULTURA DE AGUA DULCE
b05003,Extracao de carvao mineral,,
b06000,Extracao de petroleo e gas natural,,
b07103,Extracao de minerio de ferro,,
b07219,Extracao de minerio de aluminio,,
b07227,Extracao de minerio de estanho,,
b07235,Extracao de minerio de manganes,,
b07243,Extracao de minerio de metais preciosos,,
b07251,Extracao de minerais radioativos,,
b07294,Extracao de minerais metalicos nao-ferrosos nao especificados anteriormente,,
b08100,"Extracao de pedra, areia e argila",,
b08916,"Extracao de minerais para fabricacao de adubos, fertilizantes e outros produtos quimicos",,
b08924,Extracao e refino de sal marinho e sal-gema,,
b08932,Extracao de gemas (pedras preciosas e semipreciosas),,
b08991,Extracao de minerais nao-metalicos nao especificados anteriormente,,
b09106,Atividades de apoio a extracao de petroleo e gas natural,,
b09904,"Atividades de apoio a extracao de minerais, exceto petroleo e gas natural",,
c10112,"Abate de reses, exceto suinos",,
c10121,"Abate de suinos, aves e outros pequenos animais",,
c10139,Fabricacao de produtos de carne,,
c10201,Preservacao do pescado e fabricacao de produtos do pescado,,
c10317,Fabricacao de conservas de frutas,,
c10325,Fabricacao de conservas de legumes e outros vegetais,,
c10333,"Fabricacao de sucos de frutas, hortalicas e legumes",,
c10414,"Fabricacao de oleos vegetais em bruto, exceto oleo de milho",,
c10422,"Fabricacao de oleos vegetais refinados, exceto oleo de milho",,
c10431,Fabricacao de margarina e outras gorduras vegetais e de oleos nao-comestiveis de animais,,
c10511,Preparacao do leite,,
c10520,Fabricacao de laticinios,,
c10538,Fabricacao de sorvetes e outros gelados comestiveis,,
c10619,Beneficiamento de arroz e fabricacao de produtos do arroz,,
c10627,Moagem de trigo e fabricacao de derivados,,
c10635,Fabricacao de farinha de mandioca e derivados,,
c10643,"Fabricacao de farinha de milho e derivados, exceto oleos de milho",,
c10651,Fabricacao de amidos e feculas de vegetais e de oleos de milho,,
c10660,Fabricacao de alimentos para animais,,
c10694,Moagem e fabricacao de produtos de origem vegetal nao especificados anteriormente,,
c10716,Fabricacao de acucar em bruto,,
c10724,Fabricacao de acucar refinado,,
c10813,Torrefacao e moagem de cafe,,
c10821,Fabricacao de produtos a base de cafe,,
c10911,Fabricacao de produtos de panificacao,,
c10929,Fabricacao de biscoitos e bolachas,,
c10937,"Fabricacao de produtos derivados do cacau, de chocolates e confeitos",,
c10945,Fabricacao de massas alimenticias,,
c10953,"Fabricacao de especiarias, molhos, temperos e condimentos",,
c10961,Fabricacao de alimentos e pratos prontos,,
c10996,Fabricacao de produtos alimenticios nao especificados anteriormente,,
c11119,Fabricacao de aguardentes e outras bebidas destiladas,,
c11127,Fabricacao de vinho,,
c11135,"Fabricacao de malte, cervejas e chopes",,
c11216,Fabricacao de aguas envasadas,,
c11224,Fabricacao de refrigerantes e de outras bebidas nao-alcoolicas,,
c12107,Processamento industrial do fumo,,
c12204,Fabricacao de produtos do fumo,,
c13111,Preparacao e fiacao de fibras de algodao,,
c13120,"Preparacao e fiacao de fibras texteis naturais, exceto algodao",,
c13138,Fiacao de fibras artificiais e sinteticas,,
c13146,Fabricacao de linhas para costurar e bordar,,
c13219,Tecelagem de fios de algodao,,
c13227,"Tecelagem de fios de fibras texteis naturais, exceto algodao",,
c13235,Tecelagem de fios de fibras artificiais e sinteticas,,
c13308,Fabricacao de tecidos de malha,,
c13405,"Acabamentos em fios, tecidos e artefatos texteis",,
c13511,Fabricacao de artefatos texteis para uso domestico,,
c13529,Fabricacao de artefatos de tapecaria,,
c13537,Fabricacao de artefatos de cordoaria,,
c13545,"Fabricacao de tecidos especiais, inclusive artefatos",,
c13596,Fabricacao de outros produtos texteis nao especificados anteriormente,,
c14118,Confeccao de roupas intimas,,
c14126,"Confeccao de pecas do vestuario, exceto roupas intimas",,
c14134,Confeccao de roupas profissionais,,
c14142,"Fabricacao de acessorios do vestuario, exceto para seguranca e protecao",,
c14215,Fabricacao de meias,,
c14223,"Fabricacao de artigos do vestuario, produzidos em malharias e tricotagens, exceto meias",,
c15106,Curtimento e outras preparacoes de couro,,
c15211,"Fabricacao de artigos para viagem, bolsas e semelhantes de qualquer material",,
c15297,Fabricacao de artefatos de couro nao especificados anteriormente,,
c15319,Fabricacao de calcados de couro,,
c15327,Fabricacao de tenis de qualquer material,,
c15335,Fabricacao de calcados de material sintetico,,
c15394,Fabricacao de calcados de materiais nao especificados anteriormente,,
c15408,"Fabricacao de partes para calcados, de qualquer material",,
c16102,Desdobramento de madeira,,
c16218,"Fabricacao de madeira laminada e de chapas de madeira compensada, prensada e aglomerada",,
c16226,"Fabricacao de estruturas de madeira e de artigos de carpintaria para 
construcao",,
c16234,Fabricacao de artefatos de tanoaria e de embalagens de madeira,,
c16293,"Fabricacao de artefatos de madeira, palha, cortica, vime e material trancado nao especificados anteriormente, exceto moveis",,
c17109,Fabricacao de celulose e outras pastas para a fabricacao de papel,,
c17214,Fabricacao de papel,,
c17222,Fabricacao de cartolina e papel-cartao,,
c17311,Fabricacao de embalagens de papel,,
c17320,Fabricacao de embalagens de cartolina e papel-cartao,,
c17338,Fabricacao de chapas e de embalagens de papelao ondulado,,
c17419,"Fabricacao de produtos de papel, cartolina, papel-cartao e papelao ondulado para uso comercial e de escritorio",,
c17427,Fabricacao de produtos de papel para usos domestico e higienico-sanitario,,
c17494,"Fabricacao de produtos de pastas celulosicas, papel, cartolina, papel-cartao e papelao ondulado nao especificados anteriormente",,
c18113,"Impressao de jornais, livros, revistas e outras publicacoes periodicas",,
c18121,Impressao de material de seguranca,,
c18130,Impressao de materiais para outros usos,,
c18211,Servicos de pre-impressao,,
c18229,Servicos de acabamentos graficos,,
c18300,Reproducao de materiais gravados em qualquer suporte,,
c19101,Coquerias,,
c19217,Fabricacao de produtos do refino de petroleo,,
c19225,"Fabricacao de produtos derivados do petroleo, exceto produtos do refino",,
c19314,Fabricacao de alcool,,
c19322,"Fabricacao de biocombustiveis, exceto alcool",,
c20118,Fabricacao de cloro e alcalis,,
c20126,Fabricacao de intermediarios para fertilizantes,,
c20134,Fabricacao de adubos e fertilizantes,,
c20142,Fabricacao de gases industriais,,
c20193,Fabricacao de produtos quimicos inorganicos nao especificados anteriormente,,
c20215,Fabricacao de produtos petroquimicos basicos,,
c20223,"Fabricacao de intermediarios para plastificantes, resinas e fibras",,
c20291,Fabricacao de produtos quimicos organicos nao especificados anteriormente,,
c20312,Fabricacao de resinas termoplasticas,,
c20321,Fabricacao de resinas termofixas,,
c20339,Fabricacao de elastomeros,,
c20401,Fabricacao de fibras artificiais e sinteticas,,
c20517,Fabricacao de defensivos agricolas,,
c20525,Fabricacao de desinfestantes domissanitarios,,
c20614,Fabricacao de saboes e detergentes sinteticos,,
c20622,Fabricacao de produtos de limpeza e polimento,,
c20631,"Fabricacao de cosmeticos, produtos de perfumaria e de higiene pessoal",,
c20711,"Fabricacao de tintas, vernizes, esmaltes e lacas",,
c20720,Fabricacao de tintas de impressao,,
c20738,"Fabricacao de impermeabilizantes, solventes e produtos afins",,
c20916,Fabricacao de adesivos e selantes,,
c20924,Fabricacao de explosivos,,
c20932,Fabricacao de aditivos de uso industrial,,
c20941,Fabricacao de catalisadores,,
c20991,Fabricacao de produtos quimicos nao especificados anteriormente,,
c21106,Fabricacao de produtos farmoquimicos,,
c21211,Fabricacao de medicamentos para uso humano,,
c21220,Fabricacao de medicamentos para uso veterinario,,
c21238,Fabricacao de preparacoes farmaceuticas,,
c22111,Fabricacao de pneumaticos e de camaras-de-ar,,
c22129,Reforma de pneumaticos usados,,
c22196,Fabricacao de artefatos de borracha nao especificados anteriormente,,
c22218,Fabricacao de laminados planos e tubulares de material plastico,,
c22226,Fabricacao de embalagens de material plastico,,
c22234,Fabricacao de tubos e acessorios de material plastico para uso na construcao,,
c22293,Fabricacao de artefatos de material plastico nao especificados anteriormente,,
c23117,Fabricacao de vidro plano e de seguranca,,
c23125,Fabricacao de embalagens de vidro,,
c23192,Fabricacao de artigos de vidro,,
c23206,Fabricacao de cimento,,
c23303,"Fabricacao de artefatos de concreto, cimento, fibrocimento, gesso e materiais semelhantes",,
c23419,Fabricacao de produtos ceramicos refratarios,,
c23427,Fabricacao de produtos ceramicos nao-refratarios para uso estrutural na construcao,,
c23494,Fabricacao de produtos ceramicos nao-refratarios nao especificados anteriormente,,
c23915,Aparelhamento e outros trabalhos em pedras,,
c23923,Fabricacao de cal e gesso,,
c23991,Fabricacao de produtos de minerais nao-metalicos nao especificados anteriormente,,
c24113,Producao de ferro-gusa,,
c24121,Producao de ferroligas,,
c24211,Producao de semi-acabados de aco,,
c24229,Producao de laminados planos de aco,,
c24237,Producao de laminados longos de aco,,
c24245,"Producao de relaminados, trefilados e perfilados de aco",,
c24318,Producao de tubos de aco com costura,,
c24393,Producao de outros tubos de ferro e aco,,
c24415,Metalurgia do aluminio e suas ligas,,
c24423,Metalurgia dos metais preciosos,,
c24431,Metalurgia do cobre,,
c24491,Metalurgia dos metais nao-ferrosos e suas ligas nao especificados anteriormente,,
c24512,Fundicao de ferro e aco,,
c24521,Fundicao de metais nao-ferrosos e suas ligas,,
c25110,Fabricacao de estruturas metalicas,,
c25128,Fabricacao de esquadrias de metal,,
c25136,Fabricacao de obras de caldeiraria pesada,,
c25217,"Fabricacao de tanques, reservatorios metalicos e caldeiras para aquecimento central",,
c25225,"Fabricacao de caldeiras geradoras de vapor, exceto para aquecimento central e para veiculos",,
c25314,Producao de forjados de aco e de metais nao-ferrosos e suas ligas,,
c25322,Producao de artefatos estampados de metal; metalurgia do po,,
c25390,"Servicos de usinagem, solda, tratamento e revestimento em metais",,
c25411,Fabricacao de artigos de cutelaria,,
c25420,"Fabricacao de artigos de serralheria, exceto esquadrias",,
c25438,Fabricacao de ferramentas,,
c25501,"Fabricacao de equipamento belico pesado, armas de fogo e municoes",,
c25918,Fabricacao de embalagens metalicas,,
c25926,Fabricacao de produtos de trefilados de metal,,
c25934,Fabricacao de artigos de metal para uso domestico e pessoal,,
c25993,Fabricacao de produtos de metal nao especificados anteriormente,,
c26108,Fabricacao de componentes eletronicos,,
c26213,Fabricacao de equipamentos de informatica,,
c26221,Fabricacao de perifericos para equipamentos de informatica,,
c26311,Fabricacao de equipamentos transmissores de comunicacao,,
c26329,Fabricacao de aparelhos telefonicos e de outros equipamentos de comunicacao,,
c26400,"Fabricacao de aparelhos de recepcao, reproducao, gravacao e amplificacao de audio e video",,
c26515,"Fabricacao de aparelhos e equipamentos de medida, teste e controle",,
c26523,Fabricacao de cronometros e relogios,,
c26604,Fabricacao de aparelhos eletromedicos e eletroterapeuticos e equipamentos de irradiacao,,
c26701,"Fabricacao de equipamentos e instrumentos opticos, fotograficos e cinematograficos",,
c26809,"Fabricacao de midias virgens, magneticas e opticas",,
c27104,"Fabricacao de geradores, transformadores e motores eletricos",,
c27210,"Fabricacao de pilhas, baterias e acumuladores eletricos, exceto para veiculos automotores",,
c27228,Fabricacao de baterias e acumuladores para veiculos automotores,,
c27317,Fabricacao de aparelhos e equipamentos para distribuicao e controle de energia eletrica,,
c27325,Fabricacao de material eletrico para instalacoes em circuito de consumo,,
c27333,"Fabricacao de fios, cabos e condutores eletricos isolados",,
c27406,Fabricacao de lampadas e outros equipamentos de iluminacao,,
c27511,"Fabricacao de fogoes, refrigeradores e maquinas de lavar e secar para uso domestico",,
c27597,Fabricacao de aparelhos eletrodomesticos nao especificados anteriormente,,
c27902,Fabricacao de equipamentos e aparelhos eletricos nao especificados anteriormente,,
c28119,"Fabricacao de motores e turbinas, exceto para avioes e veiculos rodoviarios",,
c28127,"Fabricacao de equipamentos hidraulicos e pneumaticos, exceto valvulas",,
c28135,"Fabricacao de valvulas, registros e dispositivos semelhantes",,
c28143,Fabricacao de compressores,,
c28151,Fabricacao de equipamentos de transmissao para fins industriais,,
c28216,Fabricacao de aparelhos e equipamentos para instalacoes termicas,,
c28224,"Fabricacao de maquinas, equipamentos e aparelhos para transporte e elevacao de cargas e pessoas",,
c28232,Fabricacao de maquinas e aparelhos de refrigeracao e ventilacao para uso industrial e comercial,,
c28241,Fabricacao de aparelhos e equipamentos de ar condicionado,,
c28259,Fabricacao de maquinas e equipamentos para saneamento basico e ambiental,,
c28291,Fabricacao de maquinas e equipamentos de uso geral nao especificados anteriormente,,
c28313,Fabricacao de tratores agricolas,,
c28321,Fabricacao de equipamentos para irrigacao agricola,,
c28330,"Fabricacao de maquinas e equipamentos para a agricultura e pecuaria, exceto para irrigacao",,
c28402,Fabricacao de maquinas-ferramenta,,
c28518,Fabricacao de maquinas e equipamentos para a prospeccao e extracao de petroleo,,
c28526,"Fabricacao de outras maquinas e equipamentos para uso na extracao mineral, exceto na extracao de petroleo",,
c28534,"Fabricacao de tratores, exceto agricolas",,
c28542,"Fabricacao de maquinas e equipamentos para terraplenagem, pavimentacao e construcao, exceto tratores",,
c28615,"Fabricacao de maquinas para a industria metalurgica, exceto maquinas-ferramenta",,
c28623,"Fabricacao de maquinas e equipamentos para as industrias de alimentos, bebidas e fumo",,
c28631,Fabricacao de maquinas e equipamentos para a industria textil,,
c28640,"Fabricacao de maquinas e equipamentos para as industrias do vestuario, do couro e de calcados",,
c28658,"Fabricacao de maquinas e equipamentos para as industrias de celulose, papel e papelao e artefatos",,
c28666,Fabricacao de maquinas e equipamentos para a industria do plastico,,
c28691,Fabricacao de maquinas e equipamentos para uso industrial especifico nao especificados anteriormente,,
c29107,"Fabricacao de automoveis, camionetas e utilitarios",,
c29204,Fabricacao de caminhoes e onibus,,
c29301,"Fabricacao de cabines, carrocerias e reboques para veiculos automotores",,
c29417,Fabricacao de pecas e acessorios para o sistema motor de veiculos automotores,,
c29425,Fabricacao de pecas e acessorios para os sistemas de marcha e transmissao de veiculos automotores,,
c29433,Fabricacao de pecas e acessorios para o sistema de freios de veiculos automotores,,
c29441,Fabricacao de pecas e acessorios para o sistema de direcao e suspensao de veiculos automotores,,
c29450,"Fabricacao de material eletrico e eletronico para veiculos automotores, exceto baterias",,
c29492,Fabricacao de pecas e acessorios para veiculos automotores nao especificados anteriormente,,
c29506,Recondicionamento e recuperacao de motores para veiculos automotores,,
c30113,Construcao de embarcacoes e estruturas flutuantes,,
c30121,Construcao de embarcacoes para esporte e lazer,,
c30318,"Fabricacao de locomotivas, vagoes e outros materiais rodantes",,
c30326,Fabricacao de pecas e acessorios para veiculos ferroviarios,,
c30415,Fabricacao de aeronaves,,
c30423,"Fabricacao de turbinas, motores e outros componentes e pecas para aeronaves",,
c30504,Fabricacao de veiculos militares de combate,,
c30911,Fabricacao de motocicletas,,
c30920,Fabricacao de bicicletas e triciclos nao-motorizados,,
c30997,Fabricacao de equipamentos de transporte nao especificados anteriormente,,
c31012,Fabricacao de moveis com predominancia de madeira,,
c31021,Fabricacao de moveis com predominancia de metal,,
c31039,"Fabricacao de moveis de outros materiais, exceto madeira e metal",,
c31047,Fabricacao de colchoes,,
c32116,Lapidacao de gemas e fabricacao de artefatos de ourivesaria e joalheria,,
c32124,Fabricacao de bijuterias e artefatos semelhantes,,
c32205,Fabricacao de instrumentos musicais,,
c32302,Fabricacao de artefatos para pesca e esporte,,
c32400,Fabricacao de brinquedos e jogos recreativos,,
c32507,Fabricacao de instrumentos e materiais para uso medico e odontologico e de artigos opticos,,
c32914,"Fabricacao de escovas, pinceis e vassouras",,
c32922,Fabricacao de equipamentos e acessorios para seguranca e protecao pessoal e profissional,,
c32990,Fabricacao de produtos diversos nao especificados anteriormente,,
c33112,"Manutencao e reparacao de tanques, reservatorios metalicos e caldeiras, exceto para veiculos",,
c33121,Manutencao e reparacao de equipamentos eletronicos e opticos,,
c33139,Manutencao e reparacao de maquinas e equipamentos eletricos,,
c33147,Manutencao e reparacao de maquinas e equipamentos da industria mecanica,,
c33155,Manutencao e reparacao de veiculos ferroviarios,,
c33163,Manutencao e reparacao de aeronaves,,
c33171,Manutencao e reparacao de embarcacoes,,
c33198,Manutencao e reparacao de equipamentos e produtos nao especificados anteriormente,,
c33210,Instalacao de maquinas e equipamentos industriais,,
c33295,Instalacao de equipamentos nao especificados anteriormente,,
d35115,Geracao de energia eletrica,,
d35123,Transmissao de energia eletrica,,
d35131,Comercio atacadista de energia eletrica,,
d35140,Distribuicao de energia eletrica,,
d35204,Producao de gas; processamento de gas natural; distribuicao de combustiveis gasosos por redes urbanas,,
d35301,"Producao e distribuicao de vapor, agua quente e ar condicionado",,
e36006,"Captacao, tratamento e distribuicao de agua",,
e37011,Gestao de redes de esgoto,,
e37029,"Atividades relacionadas a esgoto, exceto a gestao de redes",,
e38114,Coleta de residuos nao-perigosos,,
e38122,Coleta de residuos perigosos,,
e38211,Tratamento e disposicao de residuos nao-perigosos,,
e38220,Tratamento e disposicao de residuos perigosos,,
e38319,Recuperacao de materiais metalicos,,
e38327,Recuperacao de materiais plasticos,,
e38394,Recuperacao de materiais nao especificados anteriormente,,
e39005,Descontaminacao e outros servicos de gestao de residuos,,
f41107,Incorporacao de empreendimentos imobiliarios,,
f41204,Construcao de edificios,,
f42111,Construcao de rodovias e ferrovias,,
f42120,Construcao de obras-de-arte especiais,,
f42138,"Obras de urbanizacao - ruas, pracas e calcadas",,
f42219,Obras para geracao e distribuicao de energia eletrica e para telecomunicacoes,,
f42227,"Construcao de redes de abastecimento de agua, coleta de esgoto e construcoes correlatas",,
f42235,"Construcao de redes de transportes por dutos, exceto para agua e esgoto",,
f42910,"Obras portuarias, maritimas e fluviais",,
f42928,Montagem de instalacoes industriais e de estruturas metalicas,,
f42995,Obras de engenharia civil nao especificadas anteriormente,,
f43118,Demolicao e preparacao de canteiros de obras,,
f43126,Perfuracoes e sondagens,,
f43134,Obras de terraplenagem,,
f43193,Servicos de preparacao do terreno nao especificados anteriormente,,
f43215,Instalacoes eletricas,,
f43223,"Instalacoes hidraulicas, de sistemas de ventilacao e refrigeracao",,
f43291,Obras de instalacoes em construcoes nao especificadas anteriormente,,
f43304,Obras de acabamento,,
f43916,Obras de fundacoes,,
f43991,Servicos especializados para construcao nao especificados anteriormente,,
g45111,Comercio a varejo e por atacado de veiculos automotores,,
g45129,Representantes comerciais e agentes do comercio de veiculos automotores,,
g45200,Manutencao e reparacao de veiculos automotores,,
g45307,Comercio de pecas e acessorios para veiculos automotores,,
g45412,"Comercio por atacado e a varejo de motocicletas, pecas e acessorios",,
g45421,"Representantes comerciais e agentes do comercio de motocicletas, pecas e acessorios",,
g45439,Manutencao e reparacao de motocicletas,,
g46117,Representantes comerciais e agentes do comercio de materias-primas agricolas e animais vivos,,
g46125,"Representantes comerciais e agentes do comercio de combustiveis, minerais, produtos siderurgicos e quimicos",,
g46133,"Representantes comerciais e agentes do comercio de madeira, material de construcao e ferragens",,
g46141,"Representantes comerciais e agentes do comercio de maquinas, equipamentos, embarcacoes e aeronaves",,
g46150,"Representantes comerciais e agentes do comercio de eletrodomesticos, moveis e artigos de uso domestico",,
g46168,"Representantes comerciais e agentes do comercio de texteis, vestuario, calcados e artigos de viagem",,
g46176,"Representantes comerciais e agentes do comercio de produtos alimenticios, bebidas e fumo",,
g46184,Representantes comerciais e agentes do comercio especializado em produtos nao especificados anteriormente,,
g46192,Representantes comerciais e agentes do comercio de mercadorias em geral nao especializado,,
g46214,Comercio atacadista de cafe em grao,,
g46222,Comercio atacadista de soja,,
g46231,"Comercio atacadista de animais vivos, alimentos para animais e materias-primas agricolas, exceto cafe e soja",,
g46311,Comercio atacadista de leite e laticinios,,
g46320,"Comercio atacadista de cereais e leguminosas beneficiados, farinhas, amidos e feculas",,
g46338,Comercio atacadista de hortifrutigranjeiros,,
g46346,"Comercio atacadista de carnes, produtos da carne e pescado",,
g46354,Comercio atacadista de bebidas,,
g46362,Comercio atacadista de produtos do fumo,,
g46371,Comercio atacadista especializado em produtos alimenticios nao especificados anteriormente,,
g46397,Comercio atacadista de produtos alimenticios em geral,,
g46419,"Comercio atacadista de tecidos, artefatos de tecidos e de armarinho",,
g46427,Comercio atacadista de artigos do vestuario e acessorios,,
g46435,Comercio atacadista de calcados e artigos de viagem,,
g46443,Comercio atacadista de produtos farmaceuticos para uso humano e veterinario,,
g46451,"Comercio atacadista de instrumentos e materiais para uso medico, cirurgico, ortopedico e odontologico",,
g46460,"Comercio atacadista de cosmeticos, produtos de perfumaria e de higiene pessoal",,
g46478,"Comercio atacadista de artigos de escritorio e de papelaria; livros, jornais e outras publicacoes",,
g46494,Comercio atacadista de equipamentos e artigos de uso pessoal e domestico nao especificados anteriormente,,
g46516,"Comercio atacadista de computadores, perifericos e suprimentos de informatica",,
g46524,Comercio atacadista de componentes eletronicos e equipamentos de telefonia e comunicacao,,
g46613,"Comercio atacadista de maquinas, aparelhos e equipamentos para uso agropecuario; partes e pecas",,
g46621,"Comercio atacadista de maquinas, equipamentos para terraplenagem, mineracao e construcao; partes e pecas",,
g46630,Comercio atacadista de maquinas e equipamentos para uso industrial; partes e pecas,,
g46648,"Comercio atacadista de maquinas, aparelhos e equipamentos para uso odonto-medico-hospitalar; partes e pecas",,
g46656,Comercio atacadista de maquinas e equipamentos para uso comercial; partes e pecas,,
g46699,"Comercio atacadista de maquinas, aparelhos e equipamentos nao especificados anteriormente; partes e pecas",,
g46711,Comercio atacadista de madeira e produtos derivados,,
g46729,Comercio atacadista de ferragens e ferramentas,,
g46737,Comercio atacadista de material eletrico,,
g46745,Comercio atacadista de cimento,,
g46796,Comercio atacadista especializado de materiais de construcao nao especificados anteriormente e de materiais de construcao em geral,,
g46818,"Comercio atacadista de combustiveis solidos, liquidos e gasosos, exceto gas natural e glp",,
g46826,Comercio atacadista de gas liquefeito de petroleo (glp),,
g46834,"Comercio atacadista de defensivos agricolas, adubos, fertilizantes e corretivos do solo",,
g46842,"Comercio atacadista de produtos quimicos e petroquimicos, exceto agroquimicos",,
g46851,"Comercio atacadista de produtos siderurgicos e metalurgicos, exceto para construcao",,
g46869,Comercio atacadista de papel e papelao em bruto e de embalagens,,
g46877,Comercio atacadista de residuos e sucatas,,
g46893,Comercio atacadista especializado de outros produtos intermediarios nao especificados anteriormente,,
g46915,"Comercio atacadista de mercadorias em geral, com predominancia de produtos alimenticios",,
g46923,"Comercio atacadista de mercadorias em geral, com predominancia de insumos agropecuarios",,
g46931,"Comercio atacadista de mercadorias em geral, sem predominancia de alimentos ou de insumos agropecuarios",,
g47113,"Comercio varejista de mercadorias em geral, com predominancia de produtos alimenticios - hipermercados e supermercados",,
g47121,"Comercio varejista de mercadorias em geral, com predominancia de produtos alimenticios - minimercados, mercearias e armazens",,
g47130,"Comercio varejista de mercadorias em geral, sem predominancia de produtos alimenticios",,
g47211,"Comercio varejista de produtos de padaria, laticinio, doces, balas e semelhantes",,
g47229,Comercio varejista de carnes e pescados - acougues e peixarias,,
g47237,Comercio varejista de bebidas,,
g47245,Comercio varejista de hortifrutigranjeiros,,
g47296,Comercio varejista de produtos alimenticios em geral ou especializado em produtos alimenticios nao especificados anteriormente; produtos do fumo,,
g47318,Comercio varejista de combustiveis para veiculos automotores,,
g47326,Comercio varejista de lubrificantes,,
g47415,Comercio varejista de tintas e materiais para pintura,,
g47423,Comercio varejista de material eletrico,,
g47431,Comercio varejista de vidros,,
g47440,"Comercio varejista de ferragens, madeira e materiais de construcao",,
g47512,Comercio varejista especializado de equipamentos e suprimentos de informatica,,
g47521,Comercio varejista especializado de equipamentos de telefonia e comunicacao,,
g47539,Comercio varejista especializado de eletrodomesticos e equipamentos de audio e video,,
g47547,"Comercio varejista especializado de moveis, colchoaria e artigos de iluminacao",,
g47555,"Comercio varejista especializado de tecidos e artigos de cama, mesa e banho",,
g47563,Comercio varejista especializado de instrumentos musicais e acessorios,,
g47571,"Comercio varejista especializado de pecas e acessorios para aparelhos eletroeletronicos para uso domestico, exceto informatica e comunicacao",,
g47598,Comercio varejista de artigos de uso domestico nao especificados anteriormente,,
g47610,"Comercio varejista de livros, jornais, revistas e papelaria",,
g47628,"Comercio varejista de discos, cds, dvds e fitas",,
g47636,Comercio varejista de artigos recreativos e esportivos,,
g47717,Comercio varejista de produtos farmaceuticos para uso humano e veterinario,,
g47725,"Comercio varejista de cosmeticos, produtos de perfumaria e de higiene pessoal",,
g47733,Comercio varejista de artigos medicos e ortopedicos,,
g47741,Comercio varejista de artigos de optica,,
g47814,Comercio varejista de artigos do vestuario e acessorios,,
g47822,Comercio varejista de calcados e artigos de viagem,,
g47831,Comercio varejista de joias e relogios,,
g47849,Comercio varejista de gas liquefeito de petroleo (glp),,
g47857,Comercio varejista de artigos usados,,
g47890,Comercio varejista de outros produtos novos nao especificados anteriormente,,
g47903,Comercio ambulante e outros tipos de comercio varejista,,
h49116,Transporte ferroviario de carga,,
h49124,Transporte metroferroviario de passageiros,,
h49213,"Transporte rodoviario coletivo de passageiros, com itinerario fixo, municipal e em regiao metropolitana",,
h49221,"Transporte rodoviario coletivo de passageiros, com itinerario fixo, intermunicipal, interestadual e internacional",,
h49230,Transporte rodoviario de taxi,,
h49248,Transporte escolar,,
h49299,"Transporte rodoviario coletivo de passageiros, sob regime de fretamento, e outros transportes rodoviarios nao especificados anteriormente",,
h49302,Transporte rodoviario de carga,,
h49400,Transporte dutoviario,,
h49507,"Trens turisticos, telefericos e similares",,
h50114,Transporte maritimo de cabotagem,,
h50122,Transporte maritimo de longo curso,,
h50211,Transporte por navegacao interior de carga,,
h50220,Transporte por navegacao interior de passageiros em linhas regulares,,
h50301,Navegacao de apoio,,
h50912,Transporte por navegacao de travessia,,
h50998,Transportes aquaviarios nao especificados anteriormente,,
h51111,Transporte aereo de passageiros regular,,
h51129,Transporte aereo de passageiros nao-regular,,
h51200,Transporte aereo de carga,,
h51307,Transporte espacial,,
h52117,Armazenamento,,
h52125,Carga e descarga,,
h52214,"Concessionarias de rodovias, pontes, tuneis e servicos relacionados",,
h52222,Terminais rodoviarios e ferroviarios,,
h52231,Estacionamento de veiculos,,
h52290,Atividades auxiliares dos transportes terrestres nao especificadas anteriormente,,
h52311,Gestao de portos e terminais,,
h52320,Atividades de agenciamento maritimo,,
h52397,Atividades auxiliares dos transportes aquaviarios nao especificadas anteriormente,,
h52401,Atividades auxiliares dos transportes aereos,,
h52508,Atividades relacionadas a organizacao do transporte de carga,,
h53105,Atividades de correio,,
h53202,Atividades de malote e de entrega,,
i55108,Hoteis e similares,,
i55906,Outros tipos de alojamento nao especificados anteriormente,,
i56112,Restaurantes e outros estabelecimentos de servicos de alimentacao e bebidas,,
i56121,Servicos ambulantes de alimentacao,,
i56201,"Servicos de catering, bufe e outros servicos de comida preparada",,
j58115,Edicao de livros,,
j58123,Edicao de jornais,,
j58131,Edicao de revistas,,
j58191,"Edicao de cadastros, listas e outros produtos graficos",,
j58212,Edicao integrada a impressao de livros,,
j58221,Edicao integrada a impressao de jornais,,
j58239,Edicao integrada a impressao de revistas,,
j58298,"Edicao integrada a impressao de cadastros, listas e outros produtos graficos",,
j59111,"Atividades de producao cinematografica, de videos e de programas de televisao",,
j59120,"Atividades de pos-producao cinematografica, de videos e de programas de televisao",,
j59138,"Distribuicao cinematografica, de video e de programas de televisao",,
j59146,Atividades de exibicao cinematografica,,
j59201,Atividades de gravacao de som e de edicao de musica,,
j60101,Atividades de radio,,
j60217,Atividades de televisao aberta,,
j60225,Programadoras e atividades relacionadas a televisao por assinatura,,
j61108,Telecomunicacoes por fio,,
j61205,Telecomunicacoes sem fio,,
j61302,Telecomunicacoes por satelite,,
j61418,Operadoras de televisao por assinatura por cabo,,
j61426,Operadoras de televisao por assinatura por microondas,,
j61434,Operadoras de televisao por assinatura por satelite,,
j61906,Outras atividades de telecomunicacoes,,
j62015,Desenvolvimento de programas de computador sob encomenda,,
j62023,Desenvolvimento e licenciamento de programas de computador customizaveis,,
j62031,Desenvolvimento e licenciamento de programas de computador nao-customizaveis,,
j62040,Consultoria em tecnologia da informacao,,
j62091,"Suporte tecnico, manutencao e outros servicos em tecnologia da informacao",,
j63119,"Tratamento de dados, provedores de servicos de aplicacao e servicos de hospedagem na internet",,
j63194,"Portais, provedores de conteudo e outros servicos de informacao na internet",,
j63917,Agencias de noticias,,
j63992,Outras atividades de prestacao de servicos de informacao nao especificadas anteriormente,,
k64107,Banco central,,
k64212,Bancos comerciais,,
k64221,"Bancos multiplos, com carteira comercial",,
k64239,Caixas economicas,,
k64247,Credito cooperativo,,
k64310,"Bancos multiplos, sem carteira comercial",,
k64328,Bancos de investimento,,
k64336,Bancos de desenvolvimento,,
k64344,Agencias de fomento,,
k64352,Credito imobiliario,,
k64361,"Sociedades de credito, financiamento e investimento - financeiras",,
k64379,Sociedades de credito ao microempreendedor,,
k64387,Bancos de cambio e outras instituicoes de intermediacao nao-monetaria,,
k64409,Arrendamento mercantil,,
k64506,Sociedades de capitalizacao,,
k64611,Holdings de instituicoes financeiras,,
k64620,Holdings de instituicoes nao-financeiras,,
k64638,"Outras sociedades de participacao, exceto holdings",,
k64701,Fundos de investimento,,
k64913,Sociedades de fomento mercantil - factoring,,
k64921,Securitizacao de creditos,,
k64930,Administracao de consorcios para aquisicao de bens e direitos,,
k64999,Outras atividades de servicos financeiros nao especificadas anteriormente,,
k65111,Seguros de vida,,
k65120,Seguros nao-vida,,
k65201,Seguros-saude,,
k65308,Resseguros,,
k65413,Previdencia complementar fechada,,
k65421,Previdencia complementar aberta,,
k65502,Planos de saude,,
k66118,Administracao de bolsas e mercados de balcao organizados,,
k66126,"Atividades de intermediarios em transacoes de titulos, valores mobiliarios e mercadorias",,
k66134,Administracao de cartoes de credito,,
k66193,Atividades auxiliares dos servicos financeiros nao especificadas anteriormente,,
k66215,Avaliacao de riscos e perdas,,
k66223,"Corretores e agentes de seguros, de planos de previdencia complementar e de saude",,
k66291,"Atividades auxiliares dos seguros, da previdencia complementar e dos planos de saude nao especificadas anteriormente",,
k66304,Atividades de administracao de fundos por contrato ou comissao,,
l68102,Atividades imobiliarias de imoveis proprios,,
l68218,"Intermediacao na compra, venda e aluguel de imoveis",,
l68226,Gestao e administracao da propriedade imobiliaria,,
m69117,"Atividades juridicas, exceto cartorios",,
m69125,Cartorios,,
m69206,"Atividades de contabilidade, consultoria e auditoria contabil e tributaria",,
m70107,Sedes de empresas e unidades administrativas locais,,
m70204,Atividades de consultoria em gestao empresarial,,
m71111,Servicos de arquitetura,,
m71120,Servicos de engenharia,,
m71197,Atividades tecnicas relacionadas a arquitetura e engenharia,,
m71201,Testes e analises tecnicas,,
m72100,Pesquisa e desenvolvimento experimental em ciencias fisicas e naturais,,
m72207,Pesquisa e desenvolvimento experimental em ciencias sociais e humanas,,
m73114,Agencias de publicidade,,
m73122,"Agenciamento de espacos para publicidade, exceto em veiculos de comunicacao",,
m73190,Atividades de publicidade nao especificadas anteriormente,,
m73203,Pesquisas de mercado e de opiniao publica,,
m74102,Design e decoracao de interiores,,
m74200,Atividades fotograficas e similares,,
m74901,"Atividades profissionais, cientificas e tecnicas nao especificadas anteriormente",,
m75001,Atividades veterinarias,,
n77110,Locacao de automoveis sem condutor,,
n77195,"Locacao de meios de transporte, exceto automoveis, sem condutor",,
n77217,Aluguel de equipamentos recreativos e esportivos,,
n77225,"Aluguel de fitas de video, dvds e similares",,
n77233,"Aluguel de objetos do vestuario, joias e acessorios",,
n77292,Aluguel de objetos pessoais e domesticos nao especificados anteriormente,,
n77314,Aluguel de maquinas e equipamentos agricolas sem operador,,
n77322,Aluguel de maquinas e equipamentos para construcao sem operador,,
n77331,Aluguel de maquinas e equipamentos para escritorio,,
n77390,Aluguel de maquinas e equipamentos nao especificados anteriormente,,
n77403,Gestao de ativos intangiveis nao-financeiros,,
n78108,Selecao e agenciamento de mao-de-obra,,
n78205,Locacao de mao-de-obra temporaria,,
n78302,Fornecimento e gestao de recursos humanos para terceiros,,
n79112,Agencias de viagens,,
n79121,Operadores turisticos,,
n79902,Servicos de reservas e outros servicos de turismo nao especificados anteriormente,,
n80111,Atividades de vigilancia e seguranca privada,,
n80129,Atividades de transporte de valores,,
n80200,Atividades de monitoramento de sistemas de seguranca,,
n80307,Atividades de investigacao particular,,
n81117,"Servicos combinados para apoio a edificios, exceto condominios prediais",,
n81125,Condominios prediais,,
n81214,Limpeza em predios e em domicilios,,
n81222,Imunizacao e controle de pragas urbanas,,
n81290,Atividades de limpeza nao especificadas anteriormente,,
n81303,Atividades paisagisticas,,
n82113,Servicos combinados de escritorio e apoio administrativo,,
n82199,"Fotocopias, preparacao de documentos e outros servicos especializados de apoio administrativo",,
n82202,Atividades de teleatendimento,,
n82300,"Atividades de organizacao de eventos, exceto culturais e esportivos",,
n82911,Atividades de cobranca e informacoes cadastrais,,
n82920,Envasamento e empacotamento sob contrato,,
n82997,Atividades de servicos prestados principalmente as empresas nao especificadas anteriormente,,
o84116,Administracao publica em geral,,
o84124,"Regulacao das atividades de saude, educacao, servicos culturais e outros servicos sociais",,
o84132,Regulacao das atividades economicas,,
o84213,Relacoes exteriores,,
o84221,Defesa,,
o84230,Justica,,
o84248,Seguranca e ordem publica,,
o84256,Defesa civil,,
o84302,Seguridade social obrigatoria,,
p85112,Educacao infantil - creche,,
p85121,Educacao infantil - pre-escola,,
p85139,Ensino fundamental,,
p85201,Ensino medio,,
p85317,Educacao superior - graduacao,,
p85325,Educacao superior - graduacao e pos-graduacao,,
p85333,Educacao superior - pos-graduacao e extensao,,
p85414,Educacao profissional de nivel tecnico,,
p85422,Educacao profissional de nivel tecnologico,,
p85503,Atividades de apoio a educacao,,
p85911,Ensino de esportes,,
p85929,Ensino de arte e cultura,,
p85937,Ensino de idiomas,,
p85996,Atividades de ensino nao especificadas anteriormente,,
q86101,Atividades de atendimento hospitalar,,
q86216,Servicos moveis de atendimento a urgencias,,
q86224,"Servicos de remocao de pacientes, exceto os servicos moveis de atendimento a urgencias",,
q86305,Atividades de atencao ambulatorial executadas por medicos e odontologos,,
q86402,Atividades de servicos de complementacao diagnostica e terapeutica,,
q86500,"Atividades de profissionais da area de saude, exceto medicos e odontologos",,
q86607,Atividades de apoio a gestao de saude,,
q86909,Atividades de atencao a saude humana nao especificadas anteriormente,,
q87115,"Atividades de assistencia a idosos, deficientes fisicos, imunodeprimidos e convalescentes prestadas em residencias coletivas e particulares",,
q87123,Atividades de fornecimento de infra-estrutura de apoio e assistencia a paciente no domicilio,,
q87204,"Atividades de assistencia psicossocial e a saude a portadores de disturbios psiquicos, deficiencia mental e dependencia quimica",,
q87301,Atividades de assistencia social prestadas em residencias coletivas e particulares,,
q88006,Servicos de assistencia social sem alojamento,,
r90019,"Artes cenicas, espetaculos e atividades complementares",,
r90027,Criacao artistica,,
r90035,"Gestao de espacos para artes cenicas, espetaculos e outras atividades artisticas",,
r91015,Atividades de bibliotecas e arquivos,,
r91023,"Atividades de museus e de exploracao, restauracao artistica e conservacao de lugares e predios historicos e atracoes similares",,
r91031,"Atividades de jardins botanicos, zoologicos, parques nacionais, reservas ecologicas e areas de protecao ambiental",,
r92003,Atividades de exploracao de jogos de azar e apostas,,
r93115,Gestao de instalacoes de esportes,,
r93123,"Clubes sociais, esportivos e similares",,
r93131,Atividades de condicionamento fisico,,
r93191,Atividades esportivas nao especificadas anteriormente,,
r93212,Parques de diversao e parques tematicos,,
r93298,Atividades de recreacao e lazer nao especificadas anteriormente,,
s94111,Atividades de organizacoes associativas patronais e empresariais,,
s94120,Atividades de organizacoes associativas profissionais,,
s94201,Atividades de organizacoes sindicais,,
s94308,Atividades de associacoes de defesa de direitos sociais,,
s94910,Atividades de organizacoes religiosas,,
s94928,Atividades de organizacoes politicas,,
s94936,Atividades de organizacoes associativas ligadas a cultura e a arte,,
s94995,Atividades associativas nao especificadas anteriormente,,
s95118,Reparacao e manutencao de computadores e de equipamentos perifericos,,
s95126,Reparacao e manutencao de equipamentos de comunicacao,,
s95215,Reparacao e manutencao de equipamentos eletroeletronicos de uso pessoal e domestico,,
s95291,Reparacao e manutencao de objetos e equipamentos pessoais e domesticos nao especificados anteriormente,,
s96017,"Lavanderias, tinturarias e toalheiros",,
s96025,Cabeleireiros e outras atividades de tratamento de beleza,,
s96033,Atividades funerarias e servicos relacionados,,
s96092,Atividades de servicos pessoais nao especificadas anteriormente,,
t97005,Servicos domesticos,,
u99008,Organismos internacionais e outras instituicoes extraterritoriais,,
